{
	"projectName": "TelerikWebUI",
	"fontName": "TelerikWebUI",
	"baseFolder": "",
	"importSize": {
		"width": 512,
		"height": 512,
		"grid": 16
	},
	"iconSets": [
		{
			"name": "e000-navigation-layout",
			"startingPoint": "E000",
			"icons": [
          "arrow-45-up-right",
          "arrow-45-down-right",
          "arrow-45-down-left",
          "arrow-45-up-left",
          "arrow-60-up",
          "arrow-60-right",
          "arrow-60-down",
          "arrow-60-left",
          "arrow-end-up",
          "arrow-end-right",
          "arrow-end-down",
          "arrow-end-left",
          "arrow-double-60-up|arrow-seek-up",
          "arrow-double-60-right|arrow-seek-right",
          "arrow-double-60-down|arrow-seek-down",
          "arrow-double-60-left|arrow-seek-left",
          "arrows-kpi|kpi",
          "arrows-no-change",
          "arrow-chevron-up",
          "arrow-chevron-right",
          "arrow-chevron-down",
          "arrow-chevron-left",
          "arrow-up",
          "arrow-right",
          "arrow-down",
          "arrow-left",
          "arrow-drill",
          "arrow-parent",
          "arrow-root",
          "arrows-resizing",
          "arrows-dimensions",
          "arrows-swap",
          "drag-and-drop",
          "categorize",
          "grid",
          "grid-layout",
          "group",
          "ungroup",
          "handler-drag",
          "layout",
          "layout-1-by-4",
          "layout-2-by-2",
          "layout-side-by-side",
          "layout-stacked",
          "columns",
          "rows",
          "reorder",
          "menu",
          "more-vertical",
          "more-horizontal"
			]
		},{
			"name": "e100-action",
			"startingPoint": "E100",
			"icons": [
          "undo",
          "redo",
          "reset",
          "reload|refresh",
          "non-recurrence",
          "reset-sm",
          "reload-sm|refresh-sm",
          "clock",
          "calendar",
          "save|floppy",
          "print|printer",
          "edit|pencil",
          "delete|trash",
          "attachment|clip",
          "attachment-45|clip-45",
          "link-horizontal|hyperlink",
          "unlink-horizontal|hyperlink-remove",
          "link-vertical",
          "unlink-vertical",
          "lock",
          "unlock",
          "cancel",
          "cancel-outline",
          "cancel-circle",
          "check|checkmark",
          "check-circle|checkmark-circle",
          "close|x",
          "close-outline|x-outline",
          "close-circle|x-circle",
          "plus",
          "plus-sm",
          "plus-outline",
          "plus-circle",
          "minus",
          "minus-sm",
          "minus-outline",
          "minus-circle",
          "sort-asc",
          "sort-desc",
          "unsort|sort-clear",
          "sort-asc-sm",
          "sort-desc-sm",
          "filter",
          "filter-clear",
          "filter-sm",
          "filter-sort-asc-sm",
          "filter-sort-desc-sm",
          "filter-add-expression",
          "filter-add-group",
          "login",
          "logout",
          "download",
          "upload",
          "hyperlink-open",
          "hyperlink-open-sm",
          "launch",
          "window|window-maximize",
          "windows|window-restore|tiles",
          "window-minimize",
          "gear|cog|custom",
          "gears|cogs",
          "wrench|settings",
          "preview|eye",
          "zoom|search",
          "zoom-in",
          "zoom-out",
          "pan|move",
          "calculator",
          "cart|shopping-cart",
          "connector"
			]
		},{
			"name": "e200-media",
			"startingPoint": "E200",
			"icons": [
          "play",
          "pause",
          "stop",
          "rewind",
          "forward",
          "volume-down",
          "volume-up",
          "volume-off",
          "hd",
          "subtitles",
          "playlist",
          "audio"
			]
		},{
			"name": "e300-toggle",
			"startingPoint": "E300",
			"icons": [
          "heart-outline|fav-outline|favorite-outline",
          "heart|fav|favorite",
          "star-outline|bookmark-outline",
          "star|bookmark",
          "checkbox|shape-rect",
          "checkbox-checked",
          "tri-state-indeterminate",
          "tri-state-null",
          "circle",
          "radiobutton|shape-circle",
          "radiobutton-checked"
			]
		},{
			"name": "e400-alert-notification",
			"startingPoint": "E400",
			"icons": [
          "notification|bell",
          "information|info",
          "question|help",
          "warning|exception"
			]
		},{
			"name": "e500-image",
			"startingPoint": "E500",
			"icons": [
          "photo-camera",
          "image|photo",
          "image-export|photo-export",
          "zoom-actual-size",
          "zoom-best-fit",
          "image-resize",
          "crop",
          "mirror",
          "flip-horizontal",
          "flip-vertical",
          "rotate",
          "rotate-right",
          "rotate-left",
          "brush",
          "palette",
          "paint|droplet|background",
          "line|shape-line",
          "brightness-contrast",
          "saturation",
          "invert-colors",
          "transperancy|opacity",
          "greyscale",
          "blur",
          "sharpen",
          "shape",
          "round-corners",
          "front-element",
          "back-element",
          "forward-element",
          "backward-element",
          "align-left-element",
          "align-center-element",
          "align-right-element",
          "align-top-element",
          "align-middle-element",
          "align-bottom-element",
          "thumbnails-up",
          "thumbnails-right",
          "thumbnails-down",
          "thumbnails-left",
          "full-screen",
          "full-screen-exit",
          "reset-color|paint-remove|background-remove"
			]
		},{
			"name": "e600-editor",
			"startingPoint": "E600",
			"icons": [
          "page-properties",
          "bold",
          "italic",
          "underline",
          "font-family",
          "foreground-color",
          "convert-lowercase",
          "convert-uppercase",
          "strikethrough",
          "sub-script",
          "sup-script",
          "div",
          "all",
          "h1",
          "h2",
          "h3",
          "h4",
          "h5",
          "h6",
          "list-ordered|list-numbered",
          "list-unordered|list-bulleted",
          "indent-increase|indent",
          "indent-decrease|outdent",
          "insert-up",
          "insert-middle",
          "insert-down",
          "align-top",
          "align-middle",
          "align-bottom",
          "align-left",
          "align-center",
          "align-right",
          "align-justify",
          "align-remove",
          "text-wrap",
          "rule-horizontal",
          "table-align-top-left",
          "table-align-top-center",
          "table-align-top-right",
          "table-align-middle-left",
          "table-align-middle-center",
          "table-align-middle-right",
          "table-align-bottom-left",
          "table-align-bottom-center",
          "table-align-bottom-right",
          "table-align-remove",
          "borders-all",
          "borders-outside",
          "borders-inside",
          "borders-inside-horizontal",
          "borders-inside-vertical",
          "border-top",
          "border-bottom",
          "border-left",
          "border-right",
          "border-no",
          "borders-show-hide",
          "form|border",
          "form-element",
          "code-snippet",
          "select-all",
          "button",
          "select-box",
          "calendar-date",
          "group-box",
          "textarea",
          "textbox",
          "textbox-hidden",
          "password",
          "paragraph-add",
          "edit-tools",
          "template-manager",
          "change-manually",
          "track-changes",
          "track-changes-enable",
          "track-changes-accept",
          "track-changes-accept-all",
          "track-changes-reject",
          "track-changes-reject-all",
          "document-manager",
          "custom-icon",
          "dictionary-add",
          "image-light-dialog",
          "image-edit",
          "image-map-editor",
          "comment",
          "comment-remove",
          "comments-remove-all",
          "silverlight",
          "media-manager",
          "video-external",
          "flash-manager",
          "find-and-replace|find",
          "copy|files",
          "cut",
          "paste",
          "paste-as-html",
          "paste-from-word",
          "paste-from-word-strip-file",
          "paste-html",
          "paste-markdown",
          "paste-plain-text",
          "apply-format",
          "clear-css",
          "copy-format",
          "strip-all-formating",
          "strip-css-format",
          "strip-font-elements",
          "strip-span-elements",
          "strip-word-formatting",
          "format-code-block",
          "style-builder",
          "module-manager",
          "hyperlink-light-dialog",
          "hyperlink",
          "hyperlink-remove",
          "hyperlink-email",
          "anchor",
          "table-light-dialog",
          "table",
          "table-properties",
          "table-cell",
          "table-cell-properties",
          "table-column-insert-left",
          "table-column-insert-right",
          "table-row-insert-above",
          "table-row-insert-below",
          "table-column-delete",
          "table-row-delete",
          "table-cell-delete",
          "table-delete",
          "cells-merge",
          "cells-merge-horizontally",
          "cells-merge-vertically",
          "cell-split-horizontally",
          "cell-split-vertically",
          "table-unmerge",
          "pane-freeze",
          "row-freeze",
          "column-freeze",
          "toolbar-float",
          "spell-checker",
          "validation-xhtml",
          "validation-data",
          "toggle-full-screen-mode",
          "formula-fx",
          "sum",
          "symbol",
          "dollar|currency",
          "percent",
          "custom-format",
          "decimal-increase",
          "decimal-decrease",
          "font-size",
          "image-absolute-position"
			]
		},{
			"name": "e700-map",
			"startingPoint": "E700",
			"icons": [
          "globe-outline",
          "globe",
          "marker-pin",
          "marker-pin-target",
          "pin",
          "unpin"
			]
		},{
			"name": "e800-social",
			"startingPoint": "E800",
			"icons": [
          "share",
          "user",
          "inbox",
          "blogger",
          "blogger-box",
          "delicious",
          "delicious-box",
          "digg",
          "digg-box",
          "email|envelop|letter",
          "email-box|envelop-box|letter-box",
          "facebook",
          "facebook-box",
          "google",
          "google-box",
          "google-plus",
          "google-plus-box",
          "linkedin",
          "linkedin-box",
          "myspace",
          "myspace-box",
          "pinterest",
          "pinterest-box",
          "reddit",
          "reddit-box",
          "stumble-upon",
          "stumble-upon-box",
          "tell-a-friend",
          "tell-a-friend-box",
          "tumblr",
          "tumblr-box",
          "twitter",
          "twitter-box",
          "yammer",
          "yammer-box",
          "behance",
          "behance-box",
          "dribbble",
          "dribbble-box",
          "rss",
          "rss-box",
          "vimeo",
          "vimeo-box",
          "youtube",
          "youtube-box"
			]
		},{
			"name": "e900-file",
			"startingPoint": "E900",
			"icons": [
          "folder",
          "folder-open",
          "folder-add",
          "folder-up",
          "folder-more|fields-more",
          "aggregate-fields",
          "file|file-vertical",
          "file-horizontal",
          "file-add",
          "file-txt|txt",
          "file-csv|csv",
          "file-excel|file-xls|excel|xls",
          "file-word|file-doc|word|doc",
          "file-mdb|mdb",
          "file-ppt|ppt",
          "file-pdf|pdf",
          "file-psd|psd",
          "file-flash|flash",
          "file-config|config",
          "file-ascx|ascx",
          "file-bac|bac",
          "file-zip|zip",
          "film",
          "css3",
          "html5",
          "html|source-code|view-source",
          "css",
          "js",
          "exe",
          "csproj",
          "vbproj",
          "cs",
          "vb",
          "sln",
          "cloud"			
			]
		}

	]
}